name,language,stars,forks,size,last_pushed
ionic-team/ionic,TypeScript,30131,8051,72960,2017-06-23T19:53:36Z
Microsoft/vscode,TypeScript,29537,4040,87685,2017-06-23T23:22:06Z
angular/angular,TypeScript,25234,6435,535426,2017-06-23T23:18:45Z
Microsoft/TypeScript,TypeScript,23156,3382,399165,2017-06-23T23:16:05Z
railsware/upterm,TypeScript,16294,472,6670,2017-06-20T06:54:43Z
ant-design/ant-design,TypeScript,14669,3375,164887,2017-06-23T18:22:48Z
angular-ui/ui-router,TypeScript,13323,3252,10907,2017-06-22T19:52:08Z
DefinitelyTyped/DefinitelyTyped,TypeScript,11173,9209,212511,2017-06-23T22:00:03Z
angular/angular-cli,TypeScript,10526,2109,4206,2017-06-23T20:36:57Z
NativeScript/NativeScript,TypeScript,10506,812,20809,2017-06-23T16:38:00Z
angular/material2,TypeScript,9379,2148,6173,2017-06-23T22:04:36Z
sahat/satellizer,TypeScript,8044,1269,7755,2017-06-20T15:56:22Z
ReactiveX/rxjs,TypeScript,6796,653,75822,2017-06-23T22:03:38Z
cyclejs/cyclejs,TypeScript,6624,248,10638,2017-06-21T09:51:20Z
akveo/ng2-admin,TypeScript,6526,2111,15921,2017-06-23T15:55:50Z
witheve/Eve,TypeScript,6373,232,11523,2017-06-23T21:38:54Z
palantir/blueprint,TypeScript,6366,341,42890,2017-06-23T22:40:47Z
google/google-api-nodejs-client,TypeScript,5259,790,22086,2017-06-16T03:57:36Z
tensorflow/playground,TypeScript,5015,859,1088,2017-05-13T10:18:36Z
Microsoft/reactxp,TypeScript,4921,300,1023,2017-06-23T23:09:10Z
sveltejs/svelte,TypeScript,4908,148,2008,2017-06-23T22:05:55Z
BabylonJS/Babylon.js,TypeScript,4615,1181,753594,2017-06-23T22:19:58Z
mgechev/angular-seed,TypeScript,4145,1579,3138,2017-06-23T12:37:19Z
winjs/winjs,TypeScript,3954,491,16712,2017-05-30T11:58:54Z
jquery/esprima,TypeScript,3803,563,51457,2017-06-23T11:32:24Z
theintern/intern,TypeScript,3763,289,3298,2017-06-16T19:58:08Z
postgraphql/postgraphql,TypeScript,3482,144,3685,2017-06-13T08:15:11Z
mozilla/shumway,TypeScript,3348,342,246261,2017-04-24T07:54:11Z
apollographql/apollo-client,TypeScript,3111,313,4341,2017-06-23T22:05:32Z
ng-bootstrap/ng-bootstrap,TypeScript,3086,523,1559,2017-06-21T18:10:00Z
ngrx/store,TypeScript,2979,259,183,2017-06-20T12:30:05Z
typings/typings,TypeScript,2947,235,487,2017-06-21T22:16:57Z
electron-userland/electron-builder,TypeScript,2919,333,113887,2017-06-23T18:49:13Z
ceolter/ag-grid,TypeScript,2889,481,43412,2017-06-23T10:44:47Z
valor-software/ngx-bootstrap,TypeScript,2835,846,158890,2017-06-23T18:56:10Z
esvit/ng-table,TypeScript,2737,931,4796,2017-03-31T14:42:40Z
turbulenz/turbulenz_engine,TypeScript,2718,414,35786,2016-01-01T01:24:37Z
Microsoft/code-push,TypeScript,2713,234,10954,2017-06-21T17:28:32Z
Microsoft/vscode-go,TypeScript,2593,247,2757,2017-06-23T20:58:22Z
learnapollo/learnapollo,TypeScript,2493,44,44663,2017-06-06T09:40:04Z
fuse-box/fuse-box,TypeScript,2476,121,5639,2017-06-22T14:46:06Z
pnpm/pnpm,TypeScript,2460,68,2166,2017-06-23T22:43:07Z
MicrosoftDX/Vorlonjs,TypeScript,2404,233,86661,2017-05-14T18:28:17Z
typeorm/typeorm,TypeScript,2298,169,4397,2017-06-23T13:56:10Z
angular/universal,TypeScript,2283,296,4133,2017-06-23T17:42:39Z
space10-community/conversational-form,TypeScript,2251,285,8690,2017-06-21T10:02:03Z
phodal/growth,TypeScript,2217,365,74310,2017-05-30T12:06:17Z
desktop/desktop,TypeScript,2197,205,14246,2017-06-23T22:49:47Z
Urigo/angular-meteor,TypeScript,2193,494,14909,2017-06-22T00:27:35Z
angular/zone.js,TypeScript,2177,260,2296,2017-06-23T17:49:32Z
aspnet/JavaScriptServices,TypeScript,2163,360,7163,2017-06-23T11:08:29Z
palantir/plottable,TypeScript,2128,175,74949,2017-06-23T20:24:59Z
ant-design/ant-design-mobile,TypeScript,2125,339,59769,2017-06-23T12:42:17Z
Microsoft/TypeScript-React-Starter,TypeScript,2035,90,123,2017-06-17T01:53:55Z
angular/angularfire2,TypeScript,2034,536,672,2017-06-22T14:51:01Z
APIs-guru/graphql-voyager,TypeScript,2022,60,9370,2017-06-05T10:38:48Z
palantir/tslint,TypeScript,2003,422,12760,2017-06-23T20:38:45Z
Microsoft/TypeScriptSamples,TypeScript,1964,1880,1144,2017-04-24T17:34:13Z
FrDH/jQuery.mmenu,TypeScript,1961,507,1846,2017-05-18T11:24:51Z
jupyterlab/jupyterlab,TypeScript,1942,289,39675,2017-06-23T22:31:45Z
NathanWalker/angular-seed-advanced,TypeScript,1807,402,12985,2017-06-11T05:43:42Z
ionic-team/ionic-conference-app,TypeScript,1779,893,40864,2017-06-21T20:55:54Z
basarat/typescript-book,TypeScript,1668,309,5860,2017-06-21T06:35:37Z
rhysd/NyaoVim,TypeScript,1665,43,8380,2017-06-17T19:01:57Z
VSCodeVim/Vim,TypeScript,1659,229,3543,2017-06-23T15:35:31Z
sourcelair/xterm.js,TypeScript,1601,211,2476,2017-06-23T02:37:20Z
alm-tools/alm,TypeScript,1599,100,5078,2017-06-14T03:15:53Z
vmware/clarity,TypeScript,1560,152,115142,2017-06-23T21:31:40Z
yortus/asyncawait,TypeScript,1551,48,1251,2017-03-13T04:32:08Z
orbitjs/orbit,TypeScript,1538,75,2744,2017-06-21T01:41:13Z
pillarjs/path-to-regexp,TypeScript,1393,87,169,2017-04-18T09:03:58Z
Microsoft/TouchDevelop,TypeScript,1338,171,38814,2017-03-13T20:42:11Z
ionic-team/ionic-native,TypeScript,1331,864,5947,2017-06-23T20:52:01Z
inversify/InversifyJS,TypeScript,1324,90,1224,2017-06-23T18:54:39Z
typestyle/typestyle,TypeScript,1322,44,380,2017-06-23T14:25:34Z
swimlane/ngx-datatable,TypeScript,1318,358,10082,2017-06-19T14:19:16Z
ngx-translate/core,TypeScript,1291,203,3240,2017-06-18T14:23:38Z
Chatie/wechaty,TypeScript,1285,242,2534,2017-06-23T14:39:49Z
apollographql/graphql-server,TypeScript,1282,150,576,2017-06-23T23:08:10Z
angular/universal-starter,TypeScript,1270,462,380,2017-05-15T04:01:45Z
redux-loop/redux-loop,TypeScript,1246,68,382,2017-05-30T23:14:55Z
OfficeDev/office-ui-fabric-react,TypeScript,1244,251,11685,2017-06-23T22:54:23Z
ionic-team/ionic-cli,TypeScript,1232,430,5293,2017-06-16T11:39:42Z
colmena/colmena,TypeScript,1228,414,5086,2017-06-23T21:39:45Z
rangle/augury,TypeScript,1224,119,6061,2017-06-23T21:02:47Z
Polymer/polymer-bundler,TypeScript,1208,134,1556,2017-06-21T17:55:02Z
n3-charts/line-chart,TypeScript,1207,200,14130,2017-06-15T09:27:50Z
superpowers/superpowers-core,TypeScript,1192,102,4228,2017-02-23T14:56:19Z
alexjlockwood/ShapeShifter,TypeScript,1186,42,15615,2017-06-23T16:12:56Z
tessera-metrics/tessera,TypeScript,1182,81,23332,2017-02-03T17:51:55Z
angular/flex-layout,TypeScript,1180,146,1007,2017-06-23T18:30:10Z
mgechev/codelyzer,TypeScript,1177,111,14428,2017-06-23T19:58:05Z
auth0/angular2-jwt,TypeScript,1171,271,172,2017-06-21T19:33:08Z
appbaseio/mirage,TypeScript,1166,39,90418,2017-03-26T07:55:34Z
plasma-umass/doppio,TypeScript,1155,130,77208,2017-06-11T13:42:02Z
DefinitelyTyped/tsd,TypeScript,1123,136,7559,2017-02-21T10:00:53Z
staltz/xstream,TypeScript,1078,71,1076,2017-06-11T16:29:45Z
zhongsp/TypeScript,TypeScript,1058,303,1844,2017-06-23T07:11:12Z
Microsoft/vscode-react-native,TypeScript,1048,72,3992,2017-06-20T09:25:01Z
TypeStrong/ts-node,TypeScript,997,81,329,2017-06-23T20:02:14Z
ionic-team/ionic,TypeScript,30131,8051,72960,2017-06-23T19:53:36Z
Microsoft/vscode,TypeScript,29537,4040,87685,2017-06-23T23:22:06Z
angular/angular,TypeScript,25234,6435,535426,2017-06-23T23:18:45Z
Microsoft/TypeScript,TypeScript,23156,3382,399165,2017-06-23T23:16:05Z
railsware/upterm,TypeScript,16294,472,6670,2017-06-20T06:54:43Z
ant-design/ant-design,TypeScript,14669,3375,164887,2017-06-23T18:22:48Z
angular-ui/ui-router,TypeScript,13323,3252,10907,2017-06-22T19:52:08Z
DefinitelyTyped/DefinitelyTyped,TypeScript,11173,9209,212511,2017-06-23T22:00:03Z
angular/angular-cli,TypeScript,10526,2109,4206,2017-06-23T20:36:57Z
NativeScript/NativeScript,TypeScript,10506,812,20809,2017-06-23T16:38:00Z
angular/material2,TypeScript,9379,2148,6173,2017-06-23T22:04:36Z
sahat/satellizer,TypeScript,8044,1269,7755,2017-06-20T15:56:22Z
ReactiveX/rxjs,TypeScript,6796,653,75822,2017-06-23T22:03:38Z
cyclejs/cyclejs,TypeScript,6624,248,10638,2017-06-21T09:51:20Z
akveo/ng2-admin,TypeScript,6526,2111,15921,2017-06-23T15:55:50Z
witheve/Eve,TypeScript,6373,232,11523,2017-06-23T21:38:54Z
palantir/blueprint,TypeScript,6366,341,42890,2017-06-23T22:40:47Z
google/google-api-nodejs-client,TypeScript,5259,790,22086,2017-06-16T03:57:36Z
tensorflow/playground,TypeScript,5015,859,1088,2017-05-13T10:18:36Z
Microsoft/reactxp,TypeScript,4921,300,1023,2017-06-23T23:09:10Z
sveltejs/svelte,TypeScript,4908,148,2008,2017-06-23T22:05:55Z
BabylonJS/Babylon.js,TypeScript,4615,1181,753594,2017-06-23T22:19:58Z
mgechev/angular-seed,TypeScript,4145,1579,3138,2017-06-23T12:37:19Z
winjs/winjs,TypeScript,3954,491,16712,2017-05-30T11:58:54Z
jquery/esprima,TypeScript,3803,563,51457,2017-06-23T11:32:24Z
theintern/intern,TypeScript,3763,289,3298,2017-06-16T19:58:08Z
postgraphql/postgraphql,TypeScript,3482,144,3685,2017-06-13T08:15:11Z
mozilla/shumway,TypeScript,3348,342,246261,2017-04-24T07:54:11Z
apollographql/apollo-client,TypeScript,3111,313,4341,2017-06-23T22:05:32Z
ng-bootstrap/ng-bootstrap,TypeScript,3086,523,1559,2017-06-21T18:10:00Z
ngrx/store,TypeScript,2979,259,183,2017-06-20T12:30:05Z
typings/typings,TypeScript,2947,235,487,2017-06-21T22:16:57Z
electron-userland/electron-builder,TypeScript,2919,333,113887,2017-06-23T18:49:13Z
ceolter/ag-grid,TypeScript,2889,481,43412,2017-06-23T10:44:47Z
valor-software/ngx-bootstrap,TypeScript,2835,846,158890,2017-06-23T18:56:10Z
esvit/ng-table,TypeScript,2737,931,4796,2017-03-31T14:42:40Z
turbulenz/turbulenz_engine,TypeScript,2718,414,35786,2016-01-01T01:24:37Z
Microsoft/code-push,TypeScript,2713,234,10954,2017-06-21T17:28:32Z
Microsoft/vscode-go,TypeScript,2593,247,2757,2017-06-23T20:58:22Z
learnapollo/learnapollo,TypeScript,2493,44,44663,2017-06-06T09:40:04Z
fuse-box/fuse-box,TypeScript,2476,121,5639,2017-06-22T14:46:06Z
pnpm/pnpm,TypeScript,2460,68,2166,2017-06-23T22:43:07Z
MicrosoftDX/Vorlonjs,TypeScript,2404,233,86661,2017-05-14T18:28:17Z
typeorm/typeorm,TypeScript,2298,169,4397,2017-06-23T13:56:10Z
angular/universal,TypeScript,2283,296,4133,2017-06-23T17:42:39Z
space10-community/conversational-form,TypeScript,2251,285,8690,2017-06-21T10:02:03Z
phodal/growth,TypeScript,2217,365,74310,2017-05-30T12:06:17Z
desktop/desktop,TypeScript,2197,205,14246,2017-06-23T22:49:47Z
Urigo/angular-meteor,TypeScript,2193,494,14909,2017-06-22T00:27:35Z
angular/zone.js,TypeScript,2177,260,2296,2017-06-23T17:49:32Z
aspnet/JavaScriptServices,TypeScript,2163,360,7163,2017-06-23T11:08:29Z
palantir/plottable,TypeScript,2128,175,74949,2017-06-23T20:24:59Z
ant-design/ant-design-mobile,TypeScript,2125,339,59769,2017-06-23T12:42:17Z
Microsoft/TypeScript-React-Starter,TypeScript,2035,90,123,2017-06-17T01:53:55Z
angular/angularfire2,TypeScript,2034,536,672,2017-06-22T14:51:01Z
APIs-guru/graphql-voyager,TypeScript,2022,60,9370,2017-06-05T10:38:48Z
palantir/tslint,TypeScript,2003,422,12760,2017-06-23T20:38:45Z
Microsoft/TypeScriptSamples,TypeScript,1964,1880,1144,2017-04-24T17:34:13Z
FrDH/jQuery.mmenu,TypeScript,1961,507,1846,2017-05-18T11:24:51Z
jupyterlab/jupyterlab,TypeScript,1942,289,39675,2017-06-23T22:31:45Z
NathanWalker/angular-seed-advanced,TypeScript,1807,402,12985,2017-06-11T05:43:42Z
ionic-team/ionic-conference-app,TypeScript,1779,893,40864,2017-06-21T20:55:54Z
basarat/typescript-book,TypeScript,1668,309,5860,2017-06-21T06:35:37Z
rhysd/NyaoVim,TypeScript,1665,43,8380,2017-06-17T19:01:57Z
VSCodeVim/Vim,TypeScript,1659,229,3543,2017-06-23T15:35:31Z
sourcelair/xterm.js,TypeScript,1601,211,2476,2017-06-23T02:37:20Z
alm-tools/alm,TypeScript,1599,100,5078,2017-06-14T03:15:53Z
vmware/clarity,TypeScript,1560,152,115142,2017-06-23T21:31:40Z
yortus/asyncawait,TypeScript,1551,48,1251,2017-03-13T04:32:08Z
orbitjs/orbit,TypeScript,1538,75,2744,2017-06-21T01:41:13Z
pillarjs/path-to-regexp,TypeScript,1393,87,169,2017-04-18T09:03:58Z
Microsoft/TouchDevelop,TypeScript,1338,171,38814,2017-03-13T20:42:11Z
ionic-team/ionic-native,TypeScript,1331,864,5947,2017-06-23T20:52:01Z
inversify/InversifyJS,TypeScript,1324,90,1224,2017-06-23T18:54:39Z
typestyle/typestyle,TypeScript,1322,44,380,2017-06-23T14:25:34Z
swimlane/ngx-datatable,TypeScript,1318,358,10082,2017-06-19T14:19:16Z
ngx-translate/core,TypeScript,1291,203,3240,2017-06-18T14:23:38Z
Chatie/wechaty,TypeScript,1285,242,2534,2017-06-23T14:39:49Z
apollographql/graphql-server,TypeScript,1282,150,576,2017-06-23T23:08:10Z
angular/universal-starter,TypeScript,1270,462,380,2017-05-15T04:01:45Z
redux-loop/redux-loop,TypeScript,1246,68,382,2017-05-30T23:14:55Z
OfficeDev/office-ui-fabric-react,TypeScript,1244,251,11685,2017-06-23T22:54:23Z
ionic-team/ionic-cli,TypeScript,1232,430,5293,2017-06-16T11:39:42Z
colmena/colmena,TypeScript,1228,414,5086,2017-06-23T21:39:45Z
rangle/augury,TypeScript,1224,119,6061,2017-06-23T21:02:47Z
Polymer/polymer-bundler,TypeScript,1208,134,1556,2017-06-21T17:55:02Z
n3-charts/line-chart,TypeScript,1207,200,14130,2017-06-15T09:27:50Z
superpowers/superpowers-core,TypeScript,1192,102,4228,2017-02-23T14:56:19Z
alexjlockwood/ShapeShifter,TypeScript,1186,42,15615,2017-06-23T16:12:56Z
tessera-metrics/tessera,TypeScript,1182,81,23332,2017-02-03T17:51:55Z
angular/flex-layout,TypeScript,1180,146,1007,2017-06-23T18:30:10Z
mgechev/codelyzer,TypeScript,1177,111,14428,2017-06-23T19:58:05Z
auth0/angular2-jwt,TypeScript,1171,271,172,2017-06-21T19:33:08Z
appbaseio/mirage,TypeScript,1166,39,90418,2017-03-26T07:55:34Z
plasma-umass/doppio,TypeScript,1155,130,77208,2017-06-11T13:42:02Z
DefinitelyTyped/tsd,TypeScript,1123,136,7559,2017-02-21T10:00:53Z
staltz/xstream,TypeScript,1078,71,1076,2017-06-11T16:29:45Z
zhongsp/TypeScript,TypeScript,1058,303,1844,2017-06-23T07:11:12Z
Microsoft/vscode-react-native,TypeScript,1048,72,3992,2017-06-20T09:25:01Z
TypeStrong/ts-node,TypeScript,997,81,329,2017-06-23T20:02:14Z
housseindjirdeh/angular2-hn,TypeScript,994,164,1886,2017-06-20T16:11:08Z
angular/angular2-seed,TypeScript,992,669,171,2017-04-16T15:34:27Z
tgdwyer/WebCola,TypeScript,979,152,39523,2017-05-17T00:06:43Z
robertknight/webpack-bundle-size-analyzer,TypeScript,971,30,125,2017-05-22T20:54:46Z
Rebilly/ReDoc,TypeScript,967,98,42294,2017-06-23T01:45:35Z
Teradata/covalent,TypeScript,965,163,3385,2017-06-23T18:05:53Z
thelgevold/angular-2-samples,TypeScript,946,307,20820,2017-06-19T23:06:01Z
swimlane/ngx-charts,TypeScript,932,158,30548,2017-06-22T14:46:33Z
apollographql/react-apollo,TypeScript,928,131,1386,2017-06-20T21:41:01Z
TypeStrong/atom-typescript,TypeScript,897,190,22834,2017-06-20T09:58:19Z
s-panferov/awesome-typescript-loader,TypeScript,887,107,961,2017-06-23T20:51:45Z
angular-redux/store,TypeScript,885,143,1652,2017-06-21T21:15:08Z
kamilmysliwiec/nest,TypeScript,868,43,433,2017-06-14T08:19:06Z
jabbany/CommentCoreLibrary,TypeScript,865,228,10411,2017-06-13T01:36:20Z
valor-software/ng2-dragula,TypeScript,850,212,9397,2017-06-16T14:50:24Z
ngrx/example-app,TypeScript,844,347,5157,2017-06-02T12:48:33Z
anthonynsimon/parrot,TypeScript,826,40,1844,2017-04-28T18:56:20Z
valor-software/ng2-file-upload,TypeScript,814,290,17786,2017-05-31T16:04:29Z
vladotesanovic/ngSemantic,TypeScript,810,138,8022,2017-06-13T05:39:17Z
apollographql/graphql-tools,TypeScript,802,78,506,2017-06-10T07:43:28Z
valor-software/ng2-charts,TypeScript,785,270,28309,2017-06-13T14:49:37Z
Shopify/polaris,TypeScript,779,63,607,2017-06-19T17:42:32Z
vega/vega-lite,TypeScript,778,86,35278,2017-06-23T23:02:57Z
furnishup/blueprint3d,TypeScript,760,140,9013,2017-01-12T16:59:12Z
DeborahK/Angular2-GettingStarted,TypeScript,754,1085,363,2017-06-23T08:11:28Z
btroncone/learn-rxjs,TypeScript,747,66,455,2017-06-16T12:11:05Z
WuTheFWasThat/vimflowy,TypeScript,742,39,2823,2017-06-14T06:08:06Z
born2net/Angular-kitchen-sink,TypeScript,739,137,4053,2017-06-02T19:20:45Z
mobxjs/mobx-state-tree,TypeScript,734,48,1436,2017-06-23T13:36:41Z
torokmark/design_patterns_in_typescript,TypeScript,706,137,59,2017-06-03T00:36:12Z
urish/angular-spinner,TypeScript,700,151,124,2017-01-25T12:16:06Z
octref/vetur,TypeScript,697,42,2389,2017-06-23T17:12:09Z
gothinkster/angular-realworld-example-app,TypeScript,692,210,121,2017-06-21T23:27:35Z
Microsoft/vscode-chrome-debug,TypeScript,692,100,35463,2017-06-23T05:29:17Z
justindujardin/ng2-material,TypeScript,686,201,2221,2017-01-15T17:39:59Z
SebastianM/angular-google-maps,TypeScript,684,255,6243,2017-06-23T09:31:48Z
qdouble/angular-webpack2-starter,TypeScript,679,141,1010,2017-06-04T13:30:38Z
angular/dgeni,TypeScript,657,60,4849,2017-06-15T21:38:27Z
angular/react-native-renderer,TypeScript,650,68,151614,2017-06-22T10:27:52Z
paulirish/pwmetrics,TypeScript,637,24,414,2017-06-23T17:17:33Z
michaelgrosner/tribeca,TypeScript,636,188,2019,2017-06-23T20:09:30Z
itchio/itch,TypeScript,633,62,36152,2017-06-23T17:32:55Z
johnpapa/angular-tour-of-heroes,TypeScript,628,694,221,2017-05-11T22:16:59Z
DanWahlin/Angular-JumpStart,TypeScript,625,300,1948,2017-06-15T04:46:16Z
vuejs/vue-class-component,TypeScript,619,44,179,2017-05-05T05:05:30Z
NativeScript/nativescript-angular,TypeScript,615,116,6143,2017-06-23T10:59:47Z
jupyter-widgets/ipywidgets,TypeScript,610,249,20188,2017-06-23T20:42:33Z
blakeembrey/free-style,TypeScript,610,21,141,2017-06-23T14:56:43Z
jelbourn/material2-app,TypeScript,607,337,68,2017-06-14T07:06:25Z
Microsoft/vsts-tasks,TypeScript,606,551,31730,2017-06-23T19:53:52Z
kazuhikoarase/qrcode-generator,TypeScript,603,217,279,2017-05-22T17:16:18Z
uProxy/uProxy-p2p,TypeScript,603,120,22720,2017-06-20T16:38:28Z
glimmerjs/glimmer-vm,TypeScript,577,76,6268,2017-06-23T22:04:11Z
zaggino/brackets-git,TypeScript,572,155,6110,2017-04-13T04:15:20Z
palantir/react-mosaic,TypeScript,553,20,2830,2017-06-18T18:43:10Z
improbable-eng/grpc-web,TypeScript,546,30,219,2017-06-21T09:39:22Z
tlaverdure/laravel-echo-server,TypeScript,536,81,189,2017-06-16T11:26:45Z
AFASSoftware/maquette,TypeScript,536,51,2943,2017-06-23T12:16:34Z
NativeScript/nativescript-cli,TypeScript,535,102,37166,2017-06-23T15:42:29Z
dixso/custombox,TypeScript,534,149,2661,2017-06-23T18:10:06Z
vscode-icons/vscode-icons,TypeScript,533,148,14685,2017-06-23T19:09:19Z
surveyjs/surveyjs,TypeScript,530,135,66011,2017-06-23T08:46:51Z
staltz/matrixmultiplication.xyz,TypeScript,525,38,1106,2017-06-11T07:13:06Z
compodoc/compodoc,TypeScript,524,34,17078,2017-06-22T09:05:09Z
shlomiassaf/angular2-modal,TypeScript,522,224,18175,2017-06-23T08:04:44Z
rhysd/Shiba,TypeScript,520,18,6590,2016-12-02T02:57:22Z
urish/angular2-moment,TypeScript,517,82,140,2017-06-18T12:09:33Z
OmniSharp/omnisharp-vscode,TypeScript,504,154,1563,2017-06-16T21:23:37Z
MarkPieszak/aspnetcore-angular2-universal,TypeScript,503,191,5404,2017-06-22T01:17:50Z
gamestdio/colyseus,TypeScript,497,44,3671,2017-06-23T14:16:57Z
angular/angular-electron,TypeScript,490,105,73,2017-04-14T09:55:32Z
googledatalab/datalab,TypeScript,487,118,198512,2017-06-23T22:56:52Z
BlokDust/BlokDust,TypeScript,487,27,13664,2016-10-03T13:32:32Z
crisbeto/angular-svg-round-progressbar,TypeScript,484,121,2392,2017-04-10T17:51:18Z
vladotesanovic/angular2-express-starter,TypeScript,483,226,4572,2017-06-18T13:59:47Z
ng-lightning/ng-lightning,TypeScript,482,71,42309,2017-06-17T08:26:49Z
Versent/redux-crud,TypeScript,481,41,512,2017-05-28T04:08:08Z
Polymer/web-component-tester,TypeScript,472,138,5924,2017-06-23T06:39:34Z
akveo/ng2-smart-table,TypeScript,469,203,57190,2017-06-23T13:11:51Z
reactive-react/xreact,TypeScript,464,24,8848,2017-06-23T14:25:52Z
DavideViolante/Angular-Full-Stack,TypeScript,458,192,4050,2017-06-13T15:16:20Z
michaelbromley/ngx-pagination,TypeScript,454,103,13762,2017-06-22T08:08:49Z
basarat/typescript-collections,TypeScript,452,88,3451,2017-06-13T13:43:55Z
jaysoo/todomvc-redux-react-typescript,TypeScript,450,110,4820,2017-03-23T15:07:30Z
salsita/prism,TypeScript,450,22,2353,2017-05-30T09:53:42Z
firebase/bolt,TypeScript,445,55,4213,2017-02-22T18:48:43Z
radiosilence/xr,TypeScript,442,31,164,2017-04-21T16:56:53Z
Semantic-Org/Semantic-UI-Angular,TypeScript,442,105,1269,2016-12-27T13:05:09Z
valor-software/ng2-select,TypeScript,441,378,11614,2017-06-14T12:34:01Z
flauc/angular2-notifications,TypeScript,433,102,1274,2017-06-09T12:32:06Z
ngUpgraders/ng-forward,TypeScript,431,50,751,2016-09-10T23:40:59Z
apollographql/graphql-anywhere,TypeScript,431,24,355,2017-06-23T18:40:27Z
ngrx/effects,TypeScript,419,69,88,2017-05-03T00:02:34Z
barbar/vortigern,TypeScript,417,88,486,2017-06-22T13:29:17Z
SAP/chevrotain,TypeScript,417,26,9945,2017-06-23T19:16:42Z
mseemann/angular2-mdl,TypeScript,414,68,5033,2017-06-23T23:19:59Z
akserg/ng2-dnd,TypeScript,413,124,375,2017-06-22T09:32:36Z
node-influx/node-influx,TypeScript,409,102,540,2017-06-13T13:15:11Z
learnrelay/learnrelay,TypeScript,406,26,32510,2017-06-14T15:31:27Z
r-park/todo-angular2-firebase,TypeScript,406,168,760,2017-05-13T01:07:23Z
ahomu/Talkie,TypeScript,405,26,2431,2017-06-23T19:23:51Z
camwest/react-slot-fill,TypeScript,405,11,2940,2017-05-17T09:51:34Z
simonbengtsson/jsPDF-AutoTable,TypeScript,393,131,4734,2017-05-28T16:22:40Z
SierraSoftworks/Iridium,TypeScript,383,22,2825,2017-06-09T21:07:36Z
Asana/typed-react,TypeScript,382,20,132,2016-01-11T19:48:41Z
danger/danger-js,TypeScript,382,38,1116,2017-06-23T18:25:04Z
facebook/remodel,TypeScript,379,42,274,2017-05-04T01:26:01Z
emilioastarita/lyricfier,TypeScript,376,35,2491,2017-06-19T12:53:46Z
mattlewis92/angular-calendar,TypeScript,373,115,64128,2017-06-21T18:06:07Z
valor-software/ng2-table,TypeScript,372,208,16576,2017-05-31T16:04:24Z
jkuri/ngx-uploader,TypeScript,366,170,332,2017-06-22T22:43:11Z
JMPerez/spotify-web-api-js,TypeScript,366,51,754,2017-06-20T07:54:21Z
tildeio/route-recognizer,TypeScript,366,82,583,2017-05-30T16:23:22Z
bcherny/json-schema-to-typescript,TypeScript,365,26,338,2017-06-23T15:58:48Z
laobubu/MarkdownIME,TypeScript,365,44,558,2016-04-02T17:58:45Z
PowerShell/vscode-powershell,TypeScript,364,91,774,2017-06-23T14:37:22Z
saviorisdead/RustyCode,TypeScript,364,55,285,2017-01-10T04:02:08Z
javascript-obfuscator/javascript-obfuscator,TypeScript,361,63,3515,2017-06-19T22:16:42Z
danrevah/ngx-pipes,TypeScript,361,39,1468,2017-06-13T07:17:55Z
xiaomoinfo/Angular2,TypeScript,359,188,63916,2017-05-23T01:54:45Z
finchalyzer/slinky,TypeScript,357,16,10939,2017-05-20T14:50:51Z
timbertson/shellshape,TypeScript,353,34,977,2017-03-27T10:10:46Z
presidential-innovation-fellows/code-gov-web,TypeScript,353,66,74216,2017-06-23T03:52:26Z
500tech/angular-tree-component,TypeScript,353,135,14853,2017-06-10T10:23:57Z
ionic-team/ionic-app-scripts,TypeScript,345,142,7858,2017-06-21T16:27:35Z
rogerpadilla/angular2-minimalist-starter,TypeScript,345,46,561,2016-08-08T16:40:26Z
pleerock/routing-controllers,TypeScript,345,56,683,2017-06-23T06:40:31Z
toddmotto/angular-pizza-creator,TypeScript,343,79,2399,2017-05-08T14:30:13Z
BackburnerJS/backburner.js,TypeScript,343,71,673,2017-06-15T16:53:45Z
angulartics/angulartics2,TypeScript,337,65,261,2017-06-16T16:35:23Z
kekeh/mydatepicker,TypeScript,335,211,8009,2017-06-18T10:13:18Z
veloce/lichobile,TypeScript,333,73,61489,2017-06-23T10:06:27Z
lathonez/clicker,TypeScript,332,121,3396,2017-06-11T01:34:49Z
damienbod/AngularWebpackVisualStudio,TypeScript,331,98,13560,2017-06-23T16:19:10Z
GhostText/GhostText,TypeScript,327,27,1431,2017-06-01T04:05:47Z
ionic-team/ionic-starter-super,TypeScript,326,124,4625,2017-06-21T15:18:20Z
Microsoft/ReSub,TypeScript,326,21,160,2017-05-30T22:51:54Z
indrimuska/angular-moment-picker,TypeScript,325,101,954,2017-06-09T07:50:23Z
alex3165/react-mapbox-gl,TypeScript,324,111,11780,2017-06-23T17:53:06Z
johnpapa/vscode-angular-snippets,TypeScript,322,85,4959,2017-06-15T13:38:12Z
greengerong/rebirth,TypeScript,321,115,17830,2017-06-22T07:19:25Z
TwanoO67/ng2-admin-lte,TypeScript,318,179,12459,2017-06-19T09:22:24Z
OmniSharp/omnisharp-atom,TypeScript,316,50,8580,2017-05-31T21:36:47Z
spacemeowx2/DouyuHTML5Player,TypeScript,316,26,621,2017-06-07T08:54:43Z
online-go/online-go.com,TypeScript,315,65,2589,2017-06-23T15:25:13Z
davideast/Querybase,TypeScript,314,18,378,2017-04-20T13:25:00Z
alexjoverm/typescript-library-starter,TypeScript,314,26,418,2017-06-22T18:41:03Z
jinmingjian/sde,TypeScript,311,13,878,2017-05-29T10:16:00Z
itsFrank/vue-typescript,TypeScript,310,17,266,2016-08-22T10:03:21Z
Microsoft/BotFramework-Emulator,TypeScript,310,84,541,2017-06-21T23:20:22Z
InfomediaLtd/angular2-materialize,TypeScript,309,92,1411,2017-06-20T11:49:49Z
rubyide/vscode-ruby,TypeScript,308,60,827,2017-06-20T06:46:22Z
threema-ch/threema-web,TypeScript,307,33,8715,2017-06-22T09:15:54Z
jupyter/nbdime,TypeScript,307,30,4197,2017-06-20T15:02:47Z
ngParty/ng-metadata,TypeScript,306,29,1143,2017-04-27T04:52:45Z
thomaschampagne/stravistix,TypeScript,304,76,7972,2017-06-21T22:14:03Z
APIs-guru/graphql-lodash,TypeScript,298,11,4217,2017-05-27T22:45:20Z
angular/tsickle,TypeScript,295,34,1348,2017-06-22T18:19:10Z
bitjson/typescript-starter,TypeScript,294,20,367,2017-06-23T14:20:17Z
rbuckton/reflect-metadata,TypeScript,292,32,438,2017-03-28T06:46:16Z
yuche/gouqi,TypeScript,290,48,1509,2017-06-13T07:25:46Z
orizens/ngx-infinite-scroll,TypeScript,290,75,207,2017-06-23T11:53:21Z
vega/voyager,TypeScript,289,43,25470,2017-06-23T20:29:24Z
orta/vscode-jest,TypeScript,288,17,4790,2017-05-24T15:03:00Z
teijo/jquery-bracket,TypeScript,287,203,267,2017-01-26T12:30:41Z
NativeScript/sample-Groceries,TypeScript,286,264,61551,2017-06-21T11:26:07Z
Promact/md2,TypeScript,286,82,31482,2017-06-22T07:20:20Z
ngOfficeUIFabric/ng-officeuifabric,TypeScript,286,62,1361,2017-06-21T11:42:16Z
compodoc/ngd,TypeScript,284,45,8248,2017-05-18T20:58:25Z
apollographql/graphql-subscriptions,TypeScript,284,35,100,2017-06-19T16:46:49Z
angular/vscode-ng-language-service,TypeScript,284,17,433,2017-06-22T21:27:17Z
jordwest/news-feed-eradicator,TypeScript,282,129,2028,2017-04-02T10:50:51Z
laravel/echo,TypeScript,281,53,126,2017-05-29T13:23:05Z
mgechev/switching-to-angular2,TypeScript,280,130,417,2017-06-19T17:38:52Z
Microsoft/redux-dag-history,TypeScript,280,6,383,2017-06-07T19:20:34Z
apollographql/subscriptions-transport-ws,TypeScript,279,52,345,2017-06-23T18:39:53Z
yuyang041060120/ng2-validation,TypeScript,279,71,4168,2017-06-08T02:48:12Z
inloop/apk-method-count,TypeScript,279,39,577,2017-04-18T11:59:04Z
motorcyclejs/core,TypeScript,279,9,131,2017-04-26T17:25:30Z
superpowers/superpowers-game,TypeScript,279,60,7953,2017-02-23T15:20:53Z
johnpapa/angular-go,TypeScript,279,129,6254,2017-03-25T14:13:26Z
funkia/turbine,TypeScript,276,11,685,2017-06-14T18:30:46Z
udos86/ng2-dynamic-forms,TypeScript,276,77,2476,2017-06-23T23:08:30Z
Microsoft/cordova-plugin-code-push,TypeScript,276,56,940,2017-06-01T15:31:30Z
samccone/fidgetspin.xyz,TypeScript,276,21,1262,2017-06-12T00:14:24Z
FinNLP/en-inflectors,TypeScript,275,11,331,2017-05-05T20:36:14Z
SINTEF-9012/PruneCluster,TypeScript,274,75,69963,2017-04-12T08:33:43Z
mean-expert-official/loopback-sdk-builder,TypeScript,268,76,1024,2017-06-20T14:30:10Z
KokoIRC/koko,TypeScript,265,24,4557,2016-11-10T23:45:40Z
MoonStorm/trNgGrid,TypeScript,264,75,2188,2016-11-17T17:42:16Z
ngrx/router,TypeScript,264,37,508,2016-09-14T19:27:33Z
jahewson/elm-graphql,TypeScript,264,18,140,2016-11-10T23:35:56Z
airbrake/airbrake-js,TypeScript,263,71,2626,2017-06-23T12:13:59Z
shanalikhan/code-settings-sync,TypeScript,263,64,4923,2017-06-23T18:31:17Z
electron/electron-rebuild,TypeScript,259,66,184,2017-06-23T13:53:45Z
awslabs/aws-cognito-angular2-quickstart,TypeScript,257,113,1604,2017-06-17T13:30:33Z
gevgeny/angular2-highcharts,TypeScript,257,76,959,2017-05-10T16:57:20Z
mgechev/ngrev,TypeScript,257,17,46973,2017-06-19T01:44:22Z
btroncone/ngrx-examples,TypeScript,256,56,161,2017-04-17T15:41:47Z
BTMorton/angular2-grid,TypeScript,255,125,487,2017-06-03T01:20:31Z
Microsoft/dts-gen,TypeScript,253,20,701,2017-06-05T23:03:14Z
loiane/curso-angular2,TypeScript,253,130,198,2017-06-16T21:39:27Z
vvakame/typescript-formatter,TypeScript,253,33,464,2017-06-13T09:13:42Z
r-park/soundcloud-ngrx,TypeScript,253,69,219,2017-06-18T18:27:07Z
TypeStrong/learn-typescript,TypeScript,252,69,24,2017-02-28T19:26:32Z
phosphorjs/phosphor,TypeScript,251,39,4449,2017-06-14T14:32:03Z
marcj/angular2-localstorage,TypeScript,251,107,37,2017-03-28T08:19:47Z
kutyel/linq.ts,TypeScript,250,27,702,2017-06-22T10:12:18Z
dougludlow/ng2-bs3-modal,TypeScript,250,117,233,2017-05-08T17:52:30Z
diverted247/txtjs,TypeScript,248,13,2401,2017-05-30T21:43:50Z
pd4d10/intelli-octo,TypeScript,248,4,1707,2017-06-23T06:49:34Z
mgechev/injection-js,TypeScript,244,14,62,2017-05-02T03:11:04Z
mobxjs/mobx-utils,TypeScript,244,21,124,2017-06-21T14:47:51Z
brechtbilliet/angular-typescript-webpack,TypeScript,244,96,250,2017-02-07T23:39:28Z
ngrx/store-devtools,TypeScript,243,33,126,2017-06-06T17:05:07Z
aurelia/ux,TypeScript,243,33,688,2017-06-22T17:00:47Z
editor-rs/vscode-rust,TypeScript,242,28,1081,2017-06-21T17:19:28Z
alamgird/angular-next-starter-kit,TypeScript,242,35,21,2016-12-19T21:44:59Z
robwormald/ng-universal-demo,TypeScript,240,134,26,2017-06-23T02:57:59Z
buzinas/tslint-eslint-rules,TypeScript,237,48,1139,2017-06-23T17:51:38Z
Bobris/Bobril,TypeScript,235,40,3983,2017-05-29T21:55:23Z
aviabird/angularspree,TypeScript,233,79,4144,2017-05-31T06:52:55Z
FarmBot/farmbot-web-frontend,TypeScript,233,84,12458,2017-06-23T15:58:48Z
Microsoft/pxt,TypeScript,233,64,56792,2017-06-23T22:54:15Z
rhysd/Mstdn,TypeScript,232,11,560,2017-06-20T08:38:06Z
esbenp/prettier-vscode,TypeScript,232,45,85,2017-06-18T10:29:08Z
UltimateAngular/ngx-errors,TypeScript,228,11,100,2017-06-15T21:07:29Z
frankwallis/plugin-typescript,TypeScript,227,48,1481,2017-04-02T08:39:32Z
Paldom/angular2-rest,TypeScript,226,73,173,2017-01-13T14:42:45Z
projectstorm/react-diagrams,TypeScript,226,22,6527,2017-04-26T09:10:20Z
iSpring/WebGlobe,TypeScript,225,96,6099,2017-05-10T01:56:38Z
pmachowski/angular2-starter-kit,TypeScript,224,26,419,2016-12-29T12:20:07Z
pleerock/class-validator,TypeScript,224,26,348,2017-06-21T20:03:48Z
artsy/emission,TypeScript,223,24,10038,2017-06-23T20:35:40Z
AngularClass/angular-seed,TypeScript,222,74,106,2017-06-16T14:30:34Z
teambition/teambition-sdk,TypeScript,222,33,1134,2017-06-23T14:17:09Z
kucharzyk/spring-angular2-starter,TypeScript,221,82,1205,2016-11-02T19:40:09Z
RemoteDebug/remotedebug-ios-webkit-adapter,TypeScript,221,13,789,2017-06-23T21:26:33Z
Gbuomprisco/ng2-tag-input,TypeScript,220,94,629,2017-06-23T06:05:34Z
zaqqaz/ng2-rest-api,TypeScript,218,10,365,2016-11-07T09:25:14Z
GoogleCloudPlatform/nodejs-docker,TypeScript,217,58,186,2017-06-23T18:59:29Z
PointInside/ng2-toastr,TypeScript,216,63,3292,2017-06-20T19:03:03Z
epiqueras/getsy,TypeScript,216,10,130,2017-04-24T21:47:39Z
google/google-auth-library-nodejs,TypeScript,215,102,336,2017-06-11T04:32:44Z
serkanyersen/sync,TypeScript,212,16,179,2016-11-03T21:44:18Z
Microsoft/vscode-mssql,TypeScript,212,45,6841,2017-06-08T07:02:44Z
videogular/videogular2,TypeScript,212,68,3132,2017-06-22T08:24:07Z
wpcfan/awesome-tutorials,TypeScript,211,89,28571,2017-05-24T07:43:59Z
yannbf/ionic3-components,TypeScript,211,71,11483,2017-06-22T21:11:13Z
ivogabe/Brackets-Icons,TypeScript,211,45,2030,2016-07-13T08:53:36Z
apollographql/apollo-angular,TypeScript,211,44,644,2017-06-23T19:24:02Z
atom-haskell/ide-haskell,TypeScript,210,26,2036,2017-03-31T05:59:10Z
WebRxJS/WebRx,TypeScript,209,12,46926,2016-11-07T07:18:48Z
cornflourblue/angular2-registration-login-example,TypeScript,209,182,19,2017-06-17T06:06:21Z
akserg/ng2-slim-loading-bar,TypeScript,208,45,112,2017-05-09T14:48:15Z
AngularClass/angular-hmr,TypeScript,208,23,53,2017-05-24T14:59:40Z
Krzysztof-Cieslak/vscode-elm,TypeScript,207,41,2274,2017-06-23T11:09:20Z
FullstackTypeScript/redux-bootstrap,TypeScript,207,14,157,2017-04-06T10:07:15Z
platosha/angular-polymer,TypeScript,207,42,767,2017-06-09T13:47:28Z
opentracing/opentracing-javascript,TypeScript,206,25,253,2017-05-19T05:19:04Z
ajtowf/ng2_play,TypeScript,205,104,554,2016-10-13T11:36:29Z
jkuri/ng2-datepicker,TypeScript,204,152,234,2017-05-30T04:41:35Z
krispo/ng2-nvd3,TypeScript,203,73,183,2017-06-20T21:16:50Z
zekelevu/typeframework,TypeScript,202,26,566,2014-08-23T08:56:44Z
Chocobozzz/PeerTube,TypeScript,202,26,4750,2017-06-21T17:56:30Z
Microsoft/BotFramework-WebChat,TypeScript,201,170,22677,2017-06-23T22:45:55Z
pkamenarsky/leerraum.js,TypeScript,200,5,529,2017-05-16T13:52:59Z
SharePoint/PnP-JS-Core,TypeScript,198,154,5429,2017-06-21T18:44:38Z
devyumao/angular2-busy,TypeScript,198,72,1785,2017-06-21T17:42:53Z
fknop/angular-pipes,TypeScript,196,26,401,2017-06-12T14:21:28Z
redhat-developer/vscode-java,TypeScript,196,25,2051,2017-06-16T13:22:10Z
pleerock/class-transformer,TypeScript,195,25,128,2017-06-20T20:15:24Z
ascoders/react-native-image-viewer,TypeScript,194,28,140,2017-06-12T05:31:02Z
akserg/ng2-toasty,TypeScript,194,71,8680,2017-06-13T05:16:19Z
aioutecism/amVim-for-VSCode,TypeScript,194,28,609,2017-06-13T03:59:45Z
formly-js/ng-formly,TypeScript,194,64,811,2017-06-23T11:38:15Z
Microsoft/tslint-microsoft-contrib,TypeScript,193,71,1992,2017-06-20T05:51:54Z
falsandtru/pjax-api,TypeScript,193,20,4782,2017-06-23T12:05:31Z
Xstoudi/alduin,TypeScript,193,25,490,2017-06-23T18:50:47Z
dancancro/great-big-example-application,TypeScript,192,39,15549,2017-06-23T18:18:33Z
awslabs/aws-serverless-auth-reference-app,TypeScript,191,45,3017,2017-02-13T23:01:59Z
worr/node-imdb-api,TypeScript,190,28,306,2017-06-13T05:17:50Z
seanhess/angularjs-typescript,TypeScript,190,51,1776,2015-04-21T00:16:36Z
wsick/Fayde,TypeScript,190,26,76833,2017-03-15T12:58:39Z
SharePoint/sp-dev-fx-webparts,TypeScript,190,237,93649,2017-06-20T08:48:02Z
kulshekhar/ts-jest,TypeScript,189,37,322,2017-06-21T07:32:53Z
steelsojka/lodash-decorators,TypeScript,189,8,1087,2017-06-15T15:20:49Z
neroniaky/angular2-token,TypeScript,186,72,811,2017-06-23T18:28:52Z
NativeScript/nativescript-marketplace-demo,TypeScript,185,59,84016,2017-06-12T14:23:49Z
cstefanache/angular2-img-cropper,TypeScript,184,71,455,2017-05-23T14:54:53Z
felixfbecker/vscode-php-debug,TypeScript,184,44,1661,2017-06-22T16:31:12Z
firebase/blaze_compiler,TypeScript,183,22,1874,2016-07-19T01:05:19Z
Stabzs/Angular2-Toaster,TypeScript,183,45,1562,2017-05-28T19:45:19Z
mulesoft/api-workbench,TypeScript,182,22,9013,2017-06-21T18:55:17Z
api-ai/apiai-javascript-client,TypeScript,181,82,5630,2017-05-29T10:36:51Z
clbond/angular-ssr,TypeScript,181,18,816,2017-06-23T17:35:50Z
fossasia/loklak_search,TypeScript,181,154,23960,2017-06-23T23:10:30Z
auth0-blog/angular2-electron,TypeScript,180,67,25,2017-04-14T13:09:09Z
cornflourblue/angular2-jwt-authentication-example,TypeScript,178,103,19,2017-05-20T06:22:43Z
stryker-mutator/stryker,TypeScript,178,24,2188,2017-06-20T19:05:59Z
ReactiveX/IxJS,TypeScript,178,10,575,2017-06-23T19:03:35Z
mohsen1/json-formatter-js,TypeScript,177,41,461,2017-04-25T00:30:48Z
ui-router/react,TypeScript,177,28,693,2017-06-06T19:39:48Z
piotrwitek/react-redux-typescript-starter-kit,TypeScript,176,33,6627,2017-05-02T07:54:23Z
NeoGuo/html5-documents,TypeScript,174,265,10645,2015-08-28T14:27:37Z
mrf28/a2gtm,TypeScript,173,80,132,2017-06-13T16:54:17Z
cloudinary/cloudinary_angular,TypeScript,173,139,342,2017-06-13T11:33:38Z
SpoonX/wetland,TypeScript,173,13,2270,2017-06-22T15:02:38Z
gcanti/fp-ts,TypeScript,172,9,286,2017-06-22T10:44:20Z
valor-software/ng2-handsontable,TypeScript,172,66,6743,2017-06-08T19:31:34Z
swimlane/ngx-ui,TypeScript,171,28,52819,2017-06-23T18:56:03Z
nippur72/PolymerTS,TypeScript,171,26,398,2017-05-10T15:16:49Z
spiffcode/ghedit,TypeScript,171,22,49908,2016-10-11T22:09:40Z
PillowPillow/ng2-webstorage,TypeScript,168,26,326,2017-05-27T16:34:07Z
blakeembrey/popsicle,TypeScript,168,16,413,2017-06-23T18:18:38Z
harksys/npmvet,TypeScript,167,2,362,2017-04-04T19:44:16Z
Tyriar/vscode-theme-generator,TypeScript,167,9,188,2017-05-17T20:55:47Z
argonjs/argon,TypeScript,167,32,7806,2017-06-23T20:06:05Z
egret-labs/Lark,TypeScript,167,41,55736,2015-12-31T02:25:43Z
rangle/ngCourse2,TypeScript,166,134,8202,2017-06-12T02:00:43Z
Nolanus/ng2-page-scroll,TypeScript,166,58,13675,2017-06-23T17:46:36Z
oferh/ng2-completer,TypeScript,165,72,46914,2017-06-19T17:03:45Z
Urigo/meteor-angular-socially,TypeScript,165,171,774,2017-06-02T05:36:30Z
HvyIndustries/crane,TypeScript,165,19,10385,2017-03-24T00:00:54Z
aviabird/yatrum,TypeScript,165,42,71178,2017-05-30T10:03:57Z
electricessence/TypeScript.NET,TypeScript,164,28,27621,2017-05-29T12:13:24Z
bcaudan/jasmine-spec-reporter,TypeScript,163,39,750,2017-06-23T21:51:49Z
jsynowiec/node-typescript-boilerplate,TypeScript,162,24,71,2017-06-13T11:00:14Z
ornicar/chessground,TypeScript,161,48,8446,2017-05-19T10:19:01Z
rangle/angular-2-aot-sandbox,TypeScript,161,8,92,2017-04-25T15:07:14Z
ShyykoSerhiy/skyweb,TypeScript,160,33,159,2017-03-17T21:52:37Z
basvandenberg/ng-select,TypeScript,160,85,4329,2017-06-23T19:50:42Z
excaliburjs/Excalibur,TypeScript,160,35,53536,2017-06-20T16:26:31Z
michalyao/evermonkey,TypeScript,160,9,4455,2017-06-22T01:48:08Z
jayphelps/nofux,TypeScript,160,5,3,2017-03-17T01:00:38Z
tandemcode/tandem,TypeScript,160,18,18865,2017-06-11T12:46:36Z
Microsoft/tfs-cli,TypeScript,159,73,2042,2017-06-22T12:37:24Z
wcandillon/react-native-img-cache,TypeScript,158,21,48,2017-05-07T16:08:23Z
graphcool/console,TypeScript,158,28,10594,2017-06-23T09:50:37Z
Polymer/polyserve,TypeScript,157,46,293,2017-06-23T21:28:59Z
SitePen/dts-generator,TypeScript,157,45,149,2017-06-16T15:03:55Z
andrerpena/chatjs,TypeScript,156,92,178,2016-11-01T17:08:01Z
moizKachwala/Angular2-express-mongoose-gulp-node-typescript,TypeScript,156,90,143,2017-06-15T07:50:09Z
then/then-request,TypeScript,156,16,46,2017-06-23T11:51:06Z
GrimoireGL/GrimoireJS,TypeScript,156,15,121771,2017-06-23T14:16:54Z
mgechev/aspect.js,TypeScript,156,15,232,2017-06-17T01:04:48Z
felixfbecker/iterare,TypeScript,155,3,26,2017-04-08T19:34:16Z
Brooooooklyn/learning-rxjs,TypeScript,155,36,92,2017-06-23T14:17:18Z
ronzeidman/ng2-ui-auth,TypeScript,153,48,910,2017-05-15T07:06:15Z
YousefED/typescript-json-schema,TypeScript,153,41,532,2017-06-20T02:32:18Z
stardustjs/stardust-core,TypeScript,153,8,58,2017-06-14T23:27:53Z
ionic-team/ionic-unit-testing-example,TypeScript,152,49,1045,2017-06-18T14:17:44Z
Microsoft/vscode-extension-samples,TypeScript,152,54,13187,2017-06-20T19:00:11Z
jameskleeh/angular-confirm,TypeScript,152,71,238,2017-06-22T09:24:50Z
hsbalar/preserver,TypeScript,151,36,5384,2017-04-25T17:05:42Z
74th/vscode-vim,TypeScript,151,19,2222,2017-04-20T22:58:22Z
gcanti/io-ts,TypeScript,150,7,174,2017-06-14T16:09:18Z
rhysd/Trendy,TypeScript,150,7,9364,2015-10-11T06:31:34Z
angular/preboot,TypeScript,150,18,928,2017-06-19T12:13:34Z
tjoskar/ng-lazyload-image,TypeScript,149,42,6195,2017-06-23T14:17:55Z
staltz/html-looks-like,TypeScript,149,7,12,2017-06-14T09:08:35Z
theintern/leadfoot,TypeScript,149,20,1483,2017-05-26T14:16:40Z
NathanWalker/ng2-image-lazy-load,TypeScript,149,34,3496,2017-03-30T18:25:44Z
cbowdon/TsMonad,TypeScript,148,17,201,2017-06-21T13:37:09Z
Microsoft/PowerBI-JavaScript,TypeScript,147,58,6559,2017-06-11T13:38:28Z
brentlintner/synt,TypeScript,147,4,148,2017-06-19T21:05:57Z
ng2-ui/auto-complete,TypeScript,145,74,8778,2017-06-07T02:18:32Z
DragonBones/DragonBonesJS,TypeScript,144,73,2504,2017-05-26T10:54:40Z
gmarty/DVD.js,TypeScript,144,9,510,2016-02-28T17:27:00Z
mariuszfoltak/angular2-datatable,TypeScript,143,87,508,2017-04-29T07:07:58Z
spacejack/terra,TypeScript,143,7,10905,2017-03-07T19:27:27Z
indus/ncc,TypeScript,143,3,207,2017-05-17T11:19:00Z
vinaygopinath/ng2-meta,TypeScript,143,45,33,2017-01-23T02:07:32Z
liangzeng/cqrs,TypeScript,142,26,934,2017-06-20T08:52:02Z
b091/ts-skeleton,TypeScript,141,29,180,2016-10-19T06:28:02Z
egret-labs/egret-examples,TypeScript,141,108,10400,2017-06-15T02:10:56Z
Alberplz/angular2-color-picker,TypeScript,140,82,2006,2017-06-19T08:50:45Z
springboot-angular2-tutorial/angular2-app,TypeScript,140,53,4515,2017-03-10T01:34:57Z
wordpress-clients/wp-api-angular,TypeScript,140,47,998,2017-05-24T11:10:44Z
kara/puppy-love,TypeScript,139,49,15,2016-05-11T22:28:18Z
ngrx/router-store,TypeScript,139,15,71,2017-06-11T11:34:52Z
edcarroll/ng2-semantic-ui,TypeScript,139,50,11459,2017-06-23T22:43:33Z
localvoid/kivi,TypeScript,138,4,1308,2016-11-16T02:17:16Z
NativeScript/nativescript-sdk-examples-ng,TypeScript,138,85,36191,2017-06-22T07:42:37Z
mapillary/mapillary-js,TypeScript,138,19,10094,2017-06-22T14:22:10Z
Microsoft/vscode-eslint,TypeScript,138,49,185,2017-05-16T15:02:23Z
rolandjitsu/angular-lab,TypeScript,137,33,1218,2017-06-05T18:04:13Z
react-component/m-date-picker,TypeScript,136,38,2601,2017-06-22T04:57:16Z
raph-amiard/sublime-typescript,TypeScript,136,38,759,2015-05-06T09:28:40Z
material-motion/material-motion-js,TypeScript,136,11,1228,2017-05-25T22:31:55Z
concretesolutions/pareto.js,TypeScript,136,10,272,2017-05-19T18:46:26Z
jdubray/sam-samples,TypeScript,136,16,15236,2017-05-29T15:46:30Z
BabylonJS/Spector.js,TypeScript,136,13,15535,2017-06-21T07:14:15Z
afrad/angular2-websocket,TypeScript,135,63,56,2017-06-15T22:23:04Z
softsimon/angular-2-dropdown-multiselect,TypeScript,135,101,136,2017-06-22T16:46:00Z
yangmillstheory/chunkify,TypeScript,135,2,10628,2016-09-11T15:34:57Z
harksys/HawkEye,TypeScript,135,8,2718,2017-02-03T16:47:20Z
haoliangyu/ngx-leaflet-starter,TypeScript,135,49,10800,2017-05-03T01:13:41Z
Polymer/polymer-analyzer,TypeScript,135,53,28071,2017-06-22T18:42:16Z
troyanskiy/ngx-resource,TypeScript,134,29,381,2017-06-14T21:59:06Z
ducksoupdev/vue-webpack-typescript,TypeScript,134,30,45,2017-04-28T06:51:12Z
surmon-china/angular-admin,TypeScript,134,44,23545,2017-06-21T16:50:40Z
AngularClass/angular-examples,TypeScript,133,40,38,2016-07-29T06:30:39Z
PolymerLabs/polylint,TypeScript,133,15,167,2017-02-21T15:22:26Z
IgniteUI/igniteui-angular2,TypeScript,133,28,1479,2017-06-08T08:15:10Z
hayjs/hay,TypeScript,133,6,5889,2016-12-14T20:46:52Z
Bloomca/redux-tiles,TypeScript,132,2,1233,2017-06-16T23:06:16Z
jedmao/eclint,TypeScript,131,22,413,2017-06-14T03:55:23Z
kara/leashed-in,TypeScript,131,83,1338,2017-05-08T03:03:12Z
HerringtonDarkholme/av-ts,TypeScript,131,12,133,2017-05-27T07:36:07Z
formulahendry/vscode-code-runner,TypeScript,131,22,753,2017-06-22T03:18:04Z
DevExpress/devextreme-angular,TypeScript,131,42,717,2017-06-20T11:18:04Z
dojo/dojo2,TypeScript,130,29,396,2016-08-25T15:01:43Z
scttcper/ngx-toastr,TypeScript,130,22,966,2017-06-20T21:34:10Z
SweetIQ/schemats,TypeScript,130,15,1110,2017-06-23T18:45:02Z
gangachris/angular2-validators,TypeScript,129,13,46,2017-01-01T08:43:50Z
davidyaha/graphql-redis-subscriptions,TypeScript,128,14,88,2017-06-23T17:52:42Z
Microsoft/vso-agent,TypeScript,127,48,1814,2016-11-30T20:48:18Z
zyra/ionic2-super-tabs,TypeScript,127,33,110,2017-06-20T05:28:11Z
rsms/wasm-util,TypeScript,127,8,84,2017-03-08T17:34:19Z
kolorobot/angular2-typescript-gulp,TypeScript,126,87,4006,2016-12-14T22:46:32Z
phiresky/nmap-log-parse,TypeScript,125,6,1260,2016-09-25T14:51:48Z
mgechev/angular2-hot-loader,TypeScript,125,12,29,2017-01-19T01:40:07Z
nkalinov/ng2-datetime,TypeScript,125,82,10694,2017-06-14T06:59:28Z
UltimateAngular/aot-loader,TypeScript,125,5,442,2017-05-23T10:42:40Z
OneSignal/OneSignal-Website-SDK,TypeScript,125,49,8384,2017-06-16T02:28:42Z
monounity/karma-typescript,TypeScript,125,32,1562,2017-06-14T19:30:09Z
chymz/ng2-ckeditor,TypeScript,124,48,71,2017-06-23T12:44:23Z
Justin-Credible/Ionic-TypeScript-Starter,TypeScript,124,36,3270,2017-04-21T05:10:54Z
pinqy520/mobx-persist,TypeScript,124,9,158,2017-05-17T02:15:11Z
aurelia/validation,TypeScript,123,134,7114,2017-06-16T00:09:28Z
Huachao/vscode-restclient,TypeScript,123,25,7698,2017-06-21T04:37:34Z
blindpad/blindpad,TypeScript,123,14,1396,2017-06-21T20:33:50Z
line/line-bot-sdk-nodejs,TypeScript,123,22,789,2017-06-15T17:24:40Z
robisim74/angular-l10n,TypeScript,123,29,2695,2017-06-21T22:40:50Z
palantir/tslint-react,TypeScript,122,25,131,2017-06-15T04:16:28Z
OlivierCC/spfx-40-fantastics,TypeScript,121,36,118332,2017-06-16T12:09:31Z
Teradata/covalent-quickstart,TypeScript,121,61,7719,2017-06-11T06:31:44Z
rintoj/angular2-virtual-scroll,TypeScript,121,42,28652,2017-06-22T14:48:16Z
sherweb/ng2-materialize,TypeScript,121,18,16876,2017-06-22T20:44:52Z
react-component/dialog,TypeScript,120,44,11408,2017-06-01T09:48:58Z
orizens/echoes-player,TypeScript,120,33,4794,2017-05-28T11:21:43Z
kaorun343/vue-property-decorator,TypeScript,120,10,85,2017-06-04T15:18:06Z
Unibeautify/unibeautify,TypeScript,120,5,35,2017-04-23T18:45:03Z
jiaweihli/monapt,TypeScript,120,7,191,2017-04-25T08:10:55Z
mattlewis92/angular2-tv-tracker,TypeScript,120,23,44154,2017-06-22T20:52:10Z
EladBezalel/material2-start,TypeScript,120,51,271,2017-06-21T15:49:12Z
DonJayamanne/gitHistoryVSCode,TypeScript,119,45,9080,2017-06-20T07:06:52Z
makinacorpus/angular2-schema-form,TypeScript,119,69,3772,2017-06-21T14:06:34Z
valor-software/ng2-tree,TypeScript,119,63,22860,2017-06-23T21:05:25Z
btroncone/ngrx-store-localstorage,TypeScript,118,20,46,2017-05-31T12:08:36Z
ui-router/visualizer,TypeScript,118,20,3596,2017-05-16T15:58:24Z
pleerock/typedi,TypeScript,118,9,99,2017-05-10T05:04:15Z
DanWahlin/Angular-BareBones,TypeScript,118,45,96,2017-06-15T04:42:46Z
dojo/core,TypeScript,117,49,1466,2017-06-23T15:38:08Z
hackwaly/vscode-ocaml,TypeScript,117,17,1636,2017-06-22T01:52:15Z
Microsoft/vscode-cordova,TypeScript,116,36,11955,2017-06-17T21:54:07Z
strongloop/loopback-next,TypeScript,116,10,717,2017-06-23T20:56:24Z
chsakell/angular2-features,TypeScript,116,82,3113,2017-05-13T21:09:06Z
develar/onshape-desktop-shell,TypeScript,116,34,783,2017-06-22T18:00:32Z
jhades/angular2-redux-store,TypeScript,115,26,360,2017-01-25T01:00:43Z
formstate/formstate,TypeScript,115,8,2216,2017-04-12T05:59:08Z
Microsoft/vsts-extension-samples,TypeScript,115,97,3114,2017-06-08T21:47:12Z
shprink/angular2-nobullshit-boilerplate,TypeScript,115,22,54,2016-03-05T08:00:24Z
BenjaminBrandmeier/angular2-image-gallery,TypeScript,115,37,398,2017-06-02T19:03:25Z
graphcool/graphql-request,TypeScript,114,5,54,2017-06-13T13:33:07Z
jussikinnula/angular-socket-io-chat,TypeScript,114,41,4075,2017-06-19T10:47:37Z
andrei-markeev/ts2c,TypeScript,114,9,374,2017-06-23T15:24:51Z
ManuCutillas/ng2-responsive,TypeScript,113,23,2039,2017-05-06T15:56:18Z
AngularShowcase/angular2-sample-app,TypeScript,113,112,524,2017-06-23T16:05:28Z
2fd/graphdoc,TypeScript,113,7,3096,2017-06-12T16:31:41Z
apollographql/persistgraphql,TypeScript,113,19,123,2017-06-01T13:21:16Z
Tallyb/loopback-graphql,TypeScript,112,8,653,2017-06-23T19:27:51Z
Azure/azure-functions-ux,TypeScript,112,38,8259,2017-06-23T22:15:30Z
keokilee/react-typescript-boilerplate,TypeScript,112,31,147,2016-07-29T20:33:02Z
kevinjhanna/input-autocomplete,TypeScript,112,6,873,2017-05-06T21:42:48Z
charto/cwait,TypeScript,111,1,16,2016-12-15T11:11:40Z
ratneshsinghparihar/Node-Data,TypeScript,111,9,1608,2017-06-23T18:38:40Z
ds300/patch-package,TypeScript,110,1,107,2017-06-17T11:27:16Z
meiblorn/ngx-fullpage,TypeScript,110,21,35120,2017-06-23T18:14:10Z
ichub/tply,TypeScript,110,4,699,2017-02-07T22:31:37Z
mgechev/scalable-architecture-demo,TypeScript,109,40,618,2017-03-04T18:28:57Z
grammarly/focal,TypeScript,109,5,130,2017-06-22T13:18:43Z
myxvisual/react-uwp,TypeScript,109,5,130695,2017-06-23T07:13:32Z
coatue-oss/react2angular,TypeScript,109,8,266,2017-06-23T18:38:48Z
mosh-hamedani/angular2-course,TypeScript,108,90,670,2016-12-23T14:50:12Z
EYHN/hexo-theme-one,TypeScript,108,13,113989,2017-05-26T08:08:40Z
ngrx/db,TypeScript,108,22,64,2017-04-20T02:28:36Z
born2net/studio-lite,TypeScript,108,131,32639,2017-06-23T21:01:02Z
Mercateo/dwatch,TypeScript,108,8,2626,2016-09-10T08:22:38Z
Microsoft/ApplicationInsights-JS,TypeScript,108,52,19209,2017-06-23T20:16:29Z
HerringtonDarkholme/typescript-repl,TypeScript,108,12,457,2017-03-17T16:01:23Z
Urigo/angular2-meteor-base,TypeScript,107,38,106,2017-03-12T20:46:59Z
blakeembrey/react-free-style,TypeScript,107,5,96,2017-06-23T18:05:28Z
Lemoncode/react-typescript-samples,TypeScript,107,30,459,2017-06-22T20:00:22Z
types/npm-ramda,TypeScript,107,56,1203,2017-06-14T06:20:43Z
lukeautry/tsoa,TypeScript,107,42,587,2017-06-22T19:31:14Z
ntesmail/angular-webpack-template,TypeScript,106,23,2919,2017-06-01T06:09:07Z
tomwanzek/d3-ng2-service,TypeScript,106,12,43,2017-06-02T13:59:47Z
micmro/PerfCascade,TypeScript,106,14,3589,2017-06-09T13:37:20Z
stevepapa/angular2-autosize,TypeScript,106,26,7,2017-05-28T10:36:41Z
aggarwalankush/ionic2-mosum,TypeScript,105,41,5283,2017-06-05T07:28:36Z
Arnavion/libjass,TypeScript,105,16,3664,2017-05-24T19:24:59Z
cupslab/password_meter,TypeScript,105,13,2512,2017-06-19T21:14:56Z
tensorflow/tensorboard,TypeScript,105,17,73883,2017-06-23T23:18:46Z
react-mdc/react-material-components-web,TypeScript,105,10,1092,2017-06-22T04:10:35Z
zyra/ionic-image-loader,TypeScript,105,25,115,2017-06-15T21:01:11Z
jhades/angular2-rxjs-observable-data-services,TypeScript,104,22,50,2016-02-29T10:06:16Z
ui-router/angular,TypeScript,104,29,6150,2017-06-23T11:05:25Z
Microsoft/vscode-ios-web-debug,TypeScript,104,6,3146,2016-09-15T17:43:25Z
arkon/ng-sidebar,TypeScript,103,34,1772,2017-06-23T16:58:10Z
webshell/materia-server,TypeScript,103,5,981,2017-06-23T10:47:33Z
ngrx/platform,TypeScript,103,15,314,2017-06-23T16:04:33Z
twinssbc/Ionic2-Calendar,TypeScript,103,55,772,2017-06-11T15:54:03Z
iamisti/mdDataTable2,TypeScript,102,6,49,2017-04-07T06:22:53Z
Riim/Rionite,TypeScript,102,5,2223,2017-06-23T21:55:13Z
DreamWebTeam/ionic2-reddit-reader,TypeScript,102,22,1032,2017-03-01T18:10:11Z
gautamsi/ews-javascript-api,TypeScript,102,24,7370,2017-06-16T23:39:21Z
Microsoft/vscode-node-debug,TypeScript,102,44,1572,2017-06-22T02:40:27Z
dicallc/ionic3_angular4_JD,TypeScript,102,14,18038,2017-05-15T09:25:11Z
simpulton/angular2-website-routes,TypeScript,101,225,51,2016-12-06T02:35:32Z
autocompletejs/autocomplete.js,TypeScript,101,32,1611,2017-06-21T11:51:05Z
matsko/ng4-animations-preview,TypeScript,101,30,4485,2017-06-06T22:17:52Z
scalable-react/scalable-react-typescript-boilerplate,TypeScript,101,19,1515,2017-06-05T00:15:25Z
superpowers/superpowers-app,TypeScript,101,25,1521,2017-02-23T19:24:06Z
dapriett/nativescript-google-maps-sdk,TypeScript,100,54,2404,2017-06-21T03:34:08Z
rhysd/neovim-component,TypeScript,100,14,299,2017-05-08T00:39:37Z
rust-lang-nursery/rls-vscode,TypeScript,99,15,91,2017-06-22T00:55:18Z
Elecash/angular2-testing,TypeScript,99,51,18,2016-07-05T10:03:26Z
ceolter/ag-grid-angular,TypeScript,99,40,478,2017-06-23T11:43:02Z
google/neuroglancer,TypeScript,99,40,1665,2017-06-09T21:52:28Z
pixijs/pixi-typescript,TypeScript,98,56,695,2017-06-20T22:58:09Z
ng2-ui/datetime-picker,TypeScript,98,52,7757,2017-05-29T13:47:26Z
Microsoft/vscode-tslint,TypeScript,98,42,317,2017-05-16T10:48:47Z
Microsoft/tslib,TypeScript,98,10,70,2017-05-15T22:39:52Z
florinn/typemoq,TypeScript,98,18,592,2017-06-23T20:06:52Z
apollographql/GitHunt-Angular,TypeScript,98,43,3429,2017-06-23T18:39:00Z
rangle/typed-immutable-record,TypeScript,97,14,19,2017-06-20T10:36:29Z
pleerock/ngx-modal,TypeScript,97,52,52,2017-06-03T23:41:03Z
MurhafSousli/ngx-progressbar,TypeScript,97,15,4666,2017-06-22T13:11:18Z
coryrylan/ng-pokedex,TypeScript,97,28,1561,2017-06-17T04:06:02Z
hawkular/hawkular-dist-old,TypeScript,96,38,4706,2016-06-16T19:47:20Z
Alfresco/alfresco-ng2-components,TypeScript,96,43,63702,2017-06-23T21:19:55Z
dschaefer/eclipse-two,TypeScript,95,10,273,2017-04-03T04:27:26Z
Nodonisko/ionic-cache,TypeScript,95,18,150,2017-06-15T14:29:28Z
planetoftheweb/angular2,TypeScript,95,119,2097,2017-06-09T15:48:59Z
TylorS/reginn,TypeScript,95,3,99,2017-01-05T20:39:33Z
northbrookjs/northbrook,TypeScript,95,5,428,2017-05-30T21:14:22Z
nraboy/ng2-cordova-oauth,TypeScript,95,37,70,2017-05-08T21:39:57Z
swimlane/ngx-dnd,TypeScript,95,9,5414,2017-06-04T04:01:14Z
angular/tactical,TypeScript,94,6,371,2015-08-13T22:14:55Z
zxj963577494/Ionic2-IonicClub,TypeScript,94,62,1315,2017-05-12T08:05:15Z
paulcbetts/spawn-rx,TypeScript,94,9,139,2017-05-24T16:31:16Z
weichx/cerialize,TypeScript,94,11,118,2017-05-17T08:10:23Z
ngx-meta/core,TypeScript,94,14,213,2017-05-22T16:00:35Z
tomastrajan/react-typescript-webpack,TypeScript,94,25,1954,2016-02-27T04:33:07Z
gsingh93/regex-search,TypeScript,93,27,145,2016-07-13T06:32:34Z
k0204/LuaIde,TypeScript,93,34,3352,2017-06-15T06:00:05Z
whxaxes/slither,TypeScript,93,38,279,2016-12-02T11:24:54Z
pleerock/gulpclass,TypeScript,93,10,32,2017-05-03T07:43:24Z
orange-games/phaser-input,TypeScript,93,39,335,2017-06-02T14:32:00Z
michaelkourlas/node-js2xmlparser,TypeScript,93,35,392,2017-02-22T04:31:15Z
mobxjs/mobx-angular,TypeScript,93,15,93,2017-06-23T22:14:53Z
ascoders/gaea-editor,TypeScript,92,26,2062,2017-06-20T03:37:59Z
toddmotto/reactive-pizza,TypeScript,92,20,725,2017-05-08T09:43:35Z
zouabimourad/angular2-spring,TypeScript,92,76,1474,2017-06-14T22:54:32Z
projectkudu/AzureResourceExplorer,TypeScript,92,42,2950,2017-06-21T21:41:45Z
vitaly-t/pg-promise-demo,TypeScript,92,25,140,2017-06-13T06:49:43Z
sararob/angular2base,TypeScript,92,37,4027,2016-01-28T16:03:48Z
smichelotti/Ionic2Course,TypeScript,91,54,39,2017-05-29T11:52:58Z
Urigo/Ionic2CLI-Meteor-WhatsApp,TypeScript,91,94,3988,2017-06-22T14:42:16Z
Microsoft/types-publisher,TypeScript,91,23,1956,2017-06-23T18:10:34Z
holdfenytolvaj/pogi,TypeScript,91,6,360,2017-06-15T04:59:57Z
angular-university/courses,TypeScript,91,76,633,2017-03-27T08:30:49Z
Polymer/prpl-server-node,TypeScript,91,5,81,2017-05-31T00:14:31Z
sraoss/grafana-sqldb-datasource,TypeScript,91,18,134,2017-03-15T03:19:10Z
Chinachu/Mirakurun,TypeScript,91,16,498,2017-06-14T09:47:42Z
ludohenin/ng2-wp-blog,TypeScript,90,34,451,2016-03-12T06:59:08Z
angular/issue-zero,TypeScript,90,15,319,2016-05-27T07:47:48Z
dwyl/hapi-typescript-example,TypeScript,90,26,41,2017-06-05T18:52:15Z
freebroccolo/vscode-reasonml,TypeScript,90,3,516,2017-06-12T22:57:28Z
bradmartin/nativescript-cardview,TypeScript,90,25,12421,2017-06-14T17:46:00Z
implydata/plyql,TypeScript,90,26,378,2017-05-16T06:58:53Z
eamodio/vscode-gitlens,TypeScript,90,6,22469,2017-06-20T05:30:38Z
mpetkov/ng2-finance,TypeScript,90,40,887,2017-06-13T12:54:43Z
orta/jest-snapshots-svg,TypeScript,89,4,120,2017-06-14T07:19:02Z
code-chunks/angular2-logger,TypeScript,89,29,85,2017-06-03T16:14:50Z
Polymer/polymer-build,TypeScript,89,26,19833,2017-06-15T09:09:15Z
pixijs/pixi-spine,TypeScript,89,47,4566,2017-06-21T15:53:46Z
Microsoft/ApplicationInsights-node.js,TypeScript,89,46,591,2017-06-14T22:49:18Z
ionic-team/ionic2-starter-tutorial,TypeScript,89,44,3269,2017-05-30T19:30:42Z
rjmacarthy/express-typescript-starter,TypeScript,88,11,72,2016-06-12T17:19:03Z
manfredsteyer/angular-oauth2-oidc,TypeScript,88,55,24,2017-06-16T16:11:06Z
Microsoft/vscode-languageserver-node,TypeScript,88,56,1043,2017-06-21T08:13:49Z
felixrieseberg/vsc-ember-cli,TypeScript,88,10,1803,2017-03-20T12:08:07Z
ColinEberhardt/angular2-todo,TypeScript,88,52,432,2016-01-25T15:55:43Z
rodrigoreal/ionic2-angularfire-login,TypeScript,88,52,6924,2017-04-17T11:23:46Z
froala/angular2-froala-wysiwyg,TypeScript,88,34,1264,2017-06-08T09:35:15Z
sandy081/vscode-todotasks,TypeScript,88,33,1062,2017-04-18T10:29:22Z
Quramy/ts-graphql-plugin,TypeScript,88,4,982,2017-06-23T14:18:34Z
IgniteUI/igniteui-js-blocks,TypeScript,88,20,50374,2017-06-23T12:12:23Z
mbalex99/newfamily-example,TypeScript,87,29,43,2016-05-10T18:37:32Z
localvoid/perf-monitor,TypeScript,87,2,30,2017-04-20T07:46:21Z
MurhafSousli/ngx-sharebuttons,TypeScript,87,23,9959,2017-05-18T07:38:49Z
graphcool/graphql-config,TypeScript,87,11,88,2017-02-08T22:15:39Z
rhysd/electron-about-window,TypeScript,86,8,473,2017-06-14T14:14:44Z
telerik/nativescript-ui-samples,TypeScript,86,26,84955,2017-06-23T10:44:53Z
ghidoz/angular2-jsonapi,TypeScript,86,43,103,2017-03-24T15:11:46Z
sonarwhal/sonar,TypeScript,86,13,1092,2017-06-23T22:37:02Z
mperdeck/jsnlog.js,TypeScript,86,25,697,2017-06-11T16:24:18Z
retaxJS/retax,TypeScript,85,1,136,2017-05-30T07:55:50Z
danibram/mocker-data-generator,TypeScript,85,5,393,2017-06-19T15:11:25Z
Vheissu/aurelia-configuration,TypeScript,85,31,314,2017-05-05T23:20:35Z
chinhodado/persona5_calculator,TypeScript,85,25,436,2017-06-10T06:28:15Z
frankhale/toby,TypeScript,85,10,17607,2017-04-28T05:03:22Z
SoCreate/angular-playground,TypeScript,85,10,218,2017-06-22T20:12:51Z
calidion/vig,TypeScript,85,19,2009,2017-06-23T09:38:51Z
born2net/studioDashboard,TypeScript,85,36,3678,2017-06-11T16:26:33Z
felixfbecker/vscode-php-intellisense,TypeScript,85,18,718,2017-06-17T14:28:27Z
robertknight/passcards,TypeScript,84,1,2872,2017-02-19T11:25:41Z
jackhutu/jackblog-angular2,TypeScript,84,35,3731,2017-01-24T03:39:18Z
zefoy/ngx-perfect-scrollbar,TypeScript,84,11,1186,2017-06-16T07:57:19Z
mattlewis92/angular-confirmation-popover,TypeScript,84,17,21166,2017-06-21T16:54:24Z
Riron/ionic-img-viewer,TypeScript,84,33,2924,2017-06-20T16:26:24Z
vsavkin/router_mailapp,TypeScript,84,28,59,2017-02-21T00:38:43Z
rokoroku/react-redux-typescript-boilerplate,TypeScript,84,25,35,2017-06-10T10:14:43Z
hyperandroid/Automata,TypeScript,83,10,125,2016-06-16T18:12:33Z
ceolter/ag-grid-angular-example,TypeScript,83,72,14937,2017-06-19T14:25:08Z
vvakame/dtsm,TypeScript,83,6,7839,2016-05-23T17:39:16Z
wookieb/predicates,TypeScript,83,0,223,2017-06-12T05:17:09Z
KillerCodeMonkey/ngx-quill,TypeScript,83,15,794,2017-06-12T19:21:28Z
buehler/typescript-hero,TypeScript,83,24,1087,2017-06-20T07:28:10Z
bodiddlie/rxheroes,TypeScript,82,44,36,2017-05-20T00:53:18Z
chsakell/ionic2-angular2-firebase,TypeScript,82,57,26409,2016-12-24T10:14:38Z
NathanWalker/nativescript-angular-web-components,TypeScript,82,9,52086,2016-06-11T08:40:25Z
jeffbcross/aim,TypeScript,82,30,463,2015-10-20T18:46:22Z
superpowers/superpowers-love2d,TypeScript,82,7,93,2016-11-02T09:08:19Z
FullScreenShenanigans/FullScreenPokemon,TypeScript,82,32,279537,2017-06-23T21:58:11Z
start-angular/ani-angular-2,TypeScript,82,69,1064,2016-10-26T14:07:05Z
gund/ng-http-interceptor,TypeScript,82,11,360,2017-06-05T17:58:51Z
blove/typescript-express-starter,TypeScript,81,77,10,2017-06-22T03:51:36Z
Microsoft/vsts-vscode,TypeScript,81,18,1385,2017-06-19T15:46:30Z
yoshiko-pg/your-name,TypeScript,81,7,4283,2017-06-10T05:15:05Z
vyakymenko/angular-seed-express,TypeScript,81,26,2847,2017-06-21T07:28:35Z
aurelia/dialog,TypeScript,81,94,681,2017-06-16T19:48:37Z
imdreamrunner/js-id-number,TypeScript,81,9,4157,2017-03-24T04:12:22Z
swimlane/node-microservice-demo,TypeScript,81,21,80,2016-11-29T14:24:55Z
globocom/hlsclient,Python,79,21,1567,2016-06-02T19:47:30Z
react-component/swipeout,TypeScript,79,18,1520,2017-06-06T05:55:08Z
stardustjs/stardust-webgl,TypeScript,79,2,27,2017-06-15T05:23:08Z
DanWahlin/AngularTypeScript,TypeScript,79,15,4959,2015-10-01T13:01:10Z
joelday/vscode-docthis,TypeScript,79,18,322,2017-06-19T17:09:50Z
moecube/moecube,TypeScript,79,26,93006,2017-06-19T09:37:21Z
inakianduaga/redux-state-history,TypeScript,78,4,25,2016-08-26T07:26:26Z
loedeman/AutoMapper,TypeScript,78,15,937,2017-05-29T09:47:01Z
qontu/ngx-inline-editor,TypeScript,78,39,7906,2017-06-21T09:08:56Z
firebase/firebase-functions,TypeScript,78,14,523,2017-06-17T15:09:50Z
robwormald/ng2-application-shell,TypeScript,78,17,102,2015-12-27T18:50:11Z
zyra/ngx-facebook,TypeScript,78,20,391,2017-06-08T00:07:46Z
KarlPurk/redux-decorators,TypeScript,77,11,122,2016-08-08T07:17:22Z
thoughtram/angular2-change-detection-demos,TypeScript,77,23,118,2017-02-10T21:23:36Z
aikoven/typescript-fsa,TypeScript,77,10,70,2017-06-19T06:48:43Z
pleerock/ngx-popover,TypeScript,77,51,93,2017-05-24T14:17:11Z
rhysd/YourFukurou,TypeScript,77,1,8807,2017-01-14T11:54:34Z
staltz/easy-ssb-pub,TypeScript,77,11,347,2017-06-16T10:10:44Z
MayGo/tockler,TypeScript,77,15,7576,2017-06-23T08:55:29Z
Microsoft/vsts-task-lib,TypeScript,77,55,1015,2017-06-23T22:06:37Z
angular/webdriver-manager,TypeScript,77,45,306,2017-05-30T17:12:29Z
andrucz/ionic2-rating,TypeScript,77,23,37,2017-05-16T16:11:08Z
jan-molak/serenity-js,TypeScript,77,20,14589,2017-06-22T08:43:11Z
schempy/angular2-typescript-webpack,TypeScript,77,33,56,2017-03-12T04:03:21Z
adriancarriger/angularfire2-offline,TypeScript,77,15,10097,2017-06-23T22:37:39Z
bespoken/bst,TypeScript,77,7,8020,2017-06-23T16:17:57Z
alxhub/io17,TypeScript,76,18,20590,2017-05-22T16:35:26Z
firebase/firebase-admin-node,TypeScript,76,9,514,2017-06-19T20:35:56Z
indus/Zodiac,TypeScript,76,4,282,2016-12-11T19:11:29Z
freebroccolo/ocaml-language-server,TypeScript,76,5,125,2017-06-16T08:00:14Z
neon-bindings/neon-cli,TypeScript,76,20,5225,2017-05-28T04:54:59Z
jackhutu/jackblog-ionic2,TypeScript,76,32,1367,2016-04-18T08:35:50Z
aggarwalankush/ionic2-push-base,TypeScript,76,36,2218,2017-05-01T20:30:14Z
urish/angular-iot,TypeScript,76,15,270,2017-05-06T21:50:23Z
eigenmethod/mol,TypeScript,75,8,8088,2017-06-23T09:29:30Z
fabiandev/angular2-quiz-app,TypeScript,75,25,497,2017-06-15T18:00:35Z
shlomiassaf/ng2-chess,TypeScript,75,33,34559,2016-06-12T22:36:16Z
mjhea0/typescript-node-api,TypeScript,75,38,4575,2017-03-12T20:33:52Z
deeleman/learning-angular2,TypeScript,75,42,282,2017-02-04T21:19:42Z
pelotom/runtypes,TypeScript,75,7,259,2017-06-23T12:23:28Z
seikichi/tiff.js,TypeScript,75,36,37122,2017-04-10T11:34:26Z
loiane/ionic2-pokedex,TypeScript,75,25,30748,2017-06-17T21:35:00Z
w11k/calendar-for-trello,TypeScript,75,14,80868,2017-06-14T12:03:23Z
cyclejs/time,TypeScript,74,5,212,2017-05-30T21:15:14Z
kara/ac-forms,TypeScript,74,29,16,2016-09-28T10:27:59Z
vsavkin/RuntimeTypeChecks,TypeScript,74,4,15,2015-11-20T17:08:48Z
dphilipson/typescript-string-enums,TypeScript,74,2,61,2017-06-06T21:45:26Z
thomasboyt/manygolf,TypeScript,74,14,926,2017-05-22T01:53:05Z
Dart-Code/Dart-Code,TypeScript,74,12,1248,2017-06-23T09:32:59Z
Goyoo/node-k8s-client,TypeScript,73,38,4763,2017-04-29T14:46:53Z
Microsoft/vscode-spell-check,TypeScript,73,34,5200,2017-04-18T00:06:40Z
bougarfaoui/ng-socket-io,TypeScript,73,10,45,2017-06-16T10:20:26Z
Minds/front,TypeScript,73,42,67727,2017-06-22T10:29:51Z
mgechev/ngresizable,TypeScript,73,15,1011,2017-04-17T18:40:44Z
nebrius/raspi,TypeScript,73,5,50,2017-04-24T00:32:48Z
Urigo/meteor-rxjs,TypeScript,73,15,185,2017-06-23T17:53:27Z
gigocabrera/MoneyLeash2,TypeScript,73,29,17825,2017-06-05T00:54:29Z
emonney/QuickApp,TypeScript,73,30,30060,2017-06-17T08:59:35Z
AngularClass/angular2-idle-preload,TypeScript,73,3,20,2016-12-15T20:49:31Z
gamestdio/three-text2d,TypeScript,72,23,469,2017-06-15T19:36:52Z
ulfryk/angular-typescript,TypeScript,72,19,91,2017-06-08T18:59:15Z
bencompton/framework7-react,TypeScript,72,11,7310,2017-06-20T10:25:26Z
EddyVerbruggen/nativescript-barcodescanner,TypeScript,72,14,12832,2017-06-14T12:49:26Z
laco0416/ng-dynamic,TypeScript,72,14,53,2017-05-23T13:49:45Z
shprink/ionic-cross-platform-boilerplate,TypeScript,72,23,4254,2016-06-16T04:29:32Z
alefragnani/vscode-project-manager,TypeScript,72,18,305,2017-06-18T19:39:36Z
raychenfj/ion-multi-picker,TypeScript,72,29,1538,2017-06-21T00:16:16Z
vsavkin/router_lazyloading,TypeScript,72,21,9,2017-01-17T21:05:13Z
alexdrel/i18n-react,TypeScript,72,8,135,2016-07-29T11:51:58Z
virtacoin/VirtaCoinProject,TypeScript,72,106,5087,2015-08-27T14:37:37Z
transistorsoft/cordova-background-geolocation-SampleApp,TypeScript,72,36,6069,2017-06-20T19:40:32Z
HsuanXyz/ion2-calendar,TypeScript,72,29,500,2017-06-21T13:43:24Z
AngularShowcase/angular2-seed-ng2-highcharts,TypeScript,71,24,1821,2016-09-03T15:16:58Z
jhades/angular2-library-example,TypeScript,71,37,32,2016-12-19T17:01:13Z
jice-nospam/yendor.ts,TypeScript,71,8,1605,2017-01-24T19:40:03Z
start-angular/angular2-node-socket-io-chat-app,TypeScript,71,66,2009,2016-10-03T08:11:59Z
biesbjerg/ngx-translate-extract,TypeScript,71,16,104,2017-05-10T12:11:48Z
ssuperczynski/ng2-easy-table,TypeScript,70,15,1106,2016-08-22T10:00:08Z
momoko8443/ukulelejs,TypeScript,70,10,5567,2017-04-18T15:32:19Z
Romakita/ts-express-decorators,TypeScript,70,12,817,2017-06-20T05:34:43Z
markfinger/unfort,TypeScript,70,2,1469,2016-11-22T21:41:52Z
yicaoyimuys/EgretGameEngine,TypeScript,70,45,73734,2017-03-17T08:57:47Z
joost-de-vries/play-angular-typescript.g8,TypeScript,70,22,107,2017-05-13T07:00:23Z
kekeh/mydaterangepicker,TypeScript,70,21,5140,2017-06-19T15:42:24Z
ceolter/ag-grid-enterprise,TypeScript,70,47,7503,2017-06-22T15:05:32Z
HackedByChinese/ng2-idle,TypeScript,70,29,2466,2017-05-30T22:50:42Z
meteor-typescript/meteor-typescript-libs,TypeScript,69,21,2124,2016-06-14T18:18:49Z
bsalex/angular-loading-overlay,TypeScript,69,22,838,2016-12-06T08:57:34Z
angelozerr/tslint-language-service,TypeScript,69,7,795,2017-05-21T16:03:54Z
Team-CHAD/DevDecks,TypeScript,69,9,3109,2017-05-06T19:13:39Z
voliva/angular2-interceptors,TypeScript,69,15,72,2017-02-16T17:29:30Z
jkuri/ng2-slimscroll,TypeScript,68,38,286,2017-05-12T23:00:51Z
tb/ng2-nouislider,TypeScript,68,43,7459,2017-06-16T15:14:24Z
lerna/lerna-changelog,TypeScript,68,17,247,2017-06-21T16:10:13Z
brn/fuel,TypeScript,68,4,6544,2017-04-28T05:58:13Z
foxdonut/meiosis,TypeScript,68,3,10968,2017-06-18T14:03:58Z
ngrx/notify,TypeScript,68,9,10,2017-03-20T08:24:35Z
toddmotto/angular-tesla-range-calculator,TypeScript,68,42,2824,2017-02-01T14:19:03Z
aviabird/pinterest,TypeScript,68,16,22621,2017-04-07T09:58:44Z
staltz/switch-path,TypeScript,68,11,68,2017-04-26T11:59:57Z
jlooper/angular-starter,TypeScript,68,19,3209,2017-05-29T00:23:00Z
Microsoft/TypeSearch,TypeScript,68,12,2062,2017-02-25T23:47:20Z
nrwl/webpack-plugin-critical,TypeScript,68,2,35,2017-04-02T00:15:46Z
mosjs/mos,TypeScript,68,3,1091,2017-06-11T21:44:35Z
stuartkuentzel/ng-wp-theme,TypeScript,68,40,106,2017-05-02T04:57:15Z
johnlindquist/intro-to-angular2,TypeScript,67,64,963,2016-02-25T21:02:17Z
DxCx/webpack-graphql-server,TypeScript,67,20,172,2017-06-23T14:52:20Z
ddellamico/ionic2-taxi-app,TypeScript,67,55,1059,2017-06-12T13:21:47Z
rdlauer/nativescript-ionic,TypeScript,67,11,2074,2017-01-25T15:57:40Z
Microsoft/TypeScript-React-Native-Starter,TypeScript,67,10,141,2017-05-09T20:57:46Z
serhiisol/node-decorators,TypeScript,66,9,207,2017-06-23T09:13:57Z
luixaviles/socket-io-typescript-chat,TypeScript,66,13,2135,2017-06-01T14:15:15Z
Eric-Carlton/PokemonGoReader,TypeScript,66,17,311,2017-06-01T04:32:36Z
ivijs/ivi,TypeScript,66,1,907,2017-06-22T05:33:14Z
mseemann/angular2-mdl-ext,TypeScript,66,29,4710,2017-06-23T18:41:12Z
ar-nelson/lcon,TypeScript,66,2,232,2014-09-06T23:37:52Z
angular/vladivostok,TypeScript,66,17,447,2016-06-21T21:22:34Z
aurelia/vscode-extension,TypeScript,66,7,18449,2017-06-04T18:36:53Z
koleary94/Angular-2-Datepicker,TypeScript,66,63,115,2017-05-08T13:59:54Z
shprink/ionic2-webpack-boilerplate,TypeScript,66,33,8429,2016-09-03T08:02:09Z
spacejack/poaceae,TypeScript,66,2,1408,2016-04-19T03:32:29Z
palantir/react-layered-chart,TypeScript,66,14,1051,2017-04-28T18:35:47Z
stevensona/shader-toy,TypeScript,66,8,1803,2017-03-25T01:53:11Z
adarshpastakia/aurelia-ui-framework,TypeScript,66,15,7635,2017-06-21T21:00:41Z
ThorstenHans/ngx-electron,TypeScript,66,6,76,2017-06-23T22:53:36Z
loiane/angular2-crud-rest,TypeScript,65,38,29,2017-03-18T14:23:17Z
lsxiao/qiniu4js,TypeScript,65,13,2157,2017-06-02T17:09:15Z
brycepj/flexbox,TypeScript,65,63,865,2017-04-17T08:06:55Z
ngx-rocket/generator-ngx-rocket,TypeScript,65,22,213,2017-06-23T14:36:19Z
PeterKassenaar/ng2-websockets,TypeScript,65,28,36,2017-02-24T15:12:55Z
improbable-eng/ts-protoc-gen,TypeScript,65,6,141,2017-05-09T10:12:10Z
Microsoft/vsts-node-api,TypeScript,64,32,1765,2017-06-15T20:40:59Z
dimpu/angular2-markdown,TypeScript,64,34,3084,2017-06-15T17:20:54Z
zephraph/vue-theme-loader,TypeScript,64,2,97,2017-06-22T21:41:32Z
kara/puppy-love-io,TypeScript,64,25,108,2016-05-28T06:55:57Z
aaronksaunders/ionic2.0-angularfire,TypeScript,64,10,1059,2017-02-10T07:02:09Z
contacts-mvc/mobx-react-typescript,TypeScript,64,4,349,2016-09-04T22:46:04Z
avli/clojureVSCode,TypeScript,64,11,9310,2017-06-22T01:08:52Z
anandanand84/technicalindicators,TypeScript,64,13,696,2017-06-21T14:50:19Z
pana-cc/mocha-typescript,TypeScript,64,12,102,2017-06-20T20:31:36Z
CodeSequence/store-saga,TypeScript,64,8,46,2016-05-25T01:04:15Z
calebegg/codewich,TypeScript,64,7,140,2017-06-05T02:22:14Z
Vertamedia/clickhouse-grafana,TypeScript,64,5,106,2017-05-17T08:23:32Z
UltimateAngular/angular-fundamentals-src,TypeScript,64,36,1251,2017-02-14T18:00:41Z
prh/prh,TypeScript,64,6,280,2017-05-06T16:21:17Z
alexeagle/closure-compiler-angular-bundling,TypeScript,63,27,15445,2017-05-12T03:21:11Z
InCar/ali-mns,TypeScript,63,18,262,2017-06-01T07:17:35Z
ConquestArrow/dtsmake,TypeScript,63,9,168,2017-03-02T14:39:21Z
codewareio/ngrx-store-freeze,TypeScript,63,5,15,2017-06-07T20:19:44Z
monterey-framework/monterey,TypeScript,63,7,2936,2017-01-29T08:24:24Z
daviddt/angular2-lazy-load-example,TypeScript,63,28,6,2017-02-06T10:57:45Z
Talento90/typescript-node,TypeScript,63,20,285,2017-06-05T18:53:34Z
aurelia/webpack-plugin,TypeScript,63,21,247,2017-06-19T22:16:52Z
